{
    "daily_spent": 0.07795674375,
    "current_run_spent": 0.012681675,
    "last_reset_date": ""
}